super! great cooler excellent air flow_sentiment,this price_sentiment,unbelievablejust_sentiment,it_sentiment,awesome best budget_sentiment,product_name,nice product_sentiment,great product beautiful product good material_sentiment,mind-blowing purchase awesome_sentiment,brilliant wonderful product_sentiment,classy product_sentiment,i_sentiment,money_sentiment,you_sentiment,this_sentiment,this product_sentiment,perfect product_sentiment,the market_sentiment,beginners_sentiment,installation_sentiment,the charges_sentiment,masonary work_sentiment,very good product_sentiment,great product_sentiment,this bat_sentiment,the bat_sentiment,manybetter bat_sentiment,decent product_sentiment,size_sentiment,the job_sentiment,u_sentiment,excellent product_sentiment,waste_sentiment,terrible product_sentiment,the ball_sentiment,terrific purchase_sentiment,mind-blowing purchase_sentiment,good quality product_sentiment,nice product nice quality good product_sentiment,good quality product good quality nice product_sentiment,comfortable fit size_sentiment,only one side_sentiment,other brands_sentiment,terrific purchase beautiful product_sentiment,we_sentiment,the utensils_sentiment,which_sentiment,ifb_sentiment,dishwasher_sentiment,that_sentiment,the product_sentiment,utensils_sentiment,product_sentiment,service provider_sentiment,lg_sentiment,they_sentiment,time_sentiment,us_sentiment,purchase_sentiment,its a life saviour_sentiment,really nice benifits_sentiment,the machine_sentiment,estimated schedule prompt delivery_sentiment,flipkart_sentiment,similarly the installation support_sentiment,demo_sentiment,way better product_sentiment,jbl_sentiment,55 tv_sentiment,build quality_sentiment,so good very good product_sentiment,fair cable quality_sentiment,good quality_sentiment,the best quality_sentiment,excellent superb_sentiment,super_sentiment,all bottoms_sentiment,great product nice product good quality_sentiment,great product good quality_sentiment,a room_sentiment,improvementeg finishing_sentiment,quality_sentiment,brilliant good product_sentiment,utterly disappointed bed quality_sentiment,good choice nice product_sentiment,way better size_sentiment,very cheap quality_sentiment,terrific purchase excellent_sentiment,very bad quality_sentiment,good choice_sentiment,the money_sentiment,excellent best product_sentiment,good product_sentiment,batteries_sentiment,super! value_sentiment,money product_sentiment,qualityquality product_sentiment,top box_sentiment,any damagesprice_sentiment,at all worst quality froad_sentiment,awesome goodworking wellbut quality_sentiment,plastic_sentiment,absolute rubbish_sentiment,speed_sentiment,usb_sentiment,this fan_sentiment,the fan_sentiment,very good productworks_sentiment,minutei_sentiment,first use_sentiment,a month_sentiment,brilliant very good product atta dough_sentiment,the dough_sentiment,this food processor_sentiment,chapatis_sentiment,last 1 month_sentiment,kitchen_sentiment,everything_sentiment,the food processor_sentiment,the money excellent chef pro jar_sentiment,grafting_sentiment,job_sentiment,this only dis advantage_sentiment,use_sentiment,me_sentiment,the work homemaker_sentiment,good product quantity_sentiment,jar_sentiment,multipurpose uses_sentiment,home_sentiment,food processor_sentiment,nice and excellent product_sentiment,a week_sentiment,working fine_sentiment,vegetables_sentiment,fruits_sentiment,instructions_sentiment,blades_sentiment,who_sentiment,timejars_sentiment,box_sentiment,itself_sentiment,the surface_sentiment,your money_sentiment,the job soo_sentiment,music_sentiment,google_sentiment,india_sentiment
0.6633333333333333,0.6633333333333333,0.6633333333333333,0.6633333333333333,0.75,"Candes 12 L Room/Personal Air Cooler??????(White, Black, Elegant High Speed-Honey Comb Cooling Pad & Ice Chamber, Blower)",,,,,,,,,,,,,,,,,,,,,,,,,,,,,,,,,,,,,,,,,,,,,,,,,,,,,,,,,,,,,,,,,,,,,,,,,,,,,,,,,,,,,,,,,,,,,,,,,,,,,,,,,,,,,,,,,,,,,,,,,,,,,,,,,,,,,,,,,,,,,,
,,,,,"Candes 60 L Room/Personal Air Cooler??????(White, Black, CRETA)",0.5,0.8374999999999999,1.0,0.95,0.31607142857142856,,,,,,,,,,,,,,,,,,,,,,,,,,,,,,,,,,,,,,,,,,,,,,,,,,,,,,,,,,,,,,,,,,,,,,,,,,,,,,,,,,,,,,,,,,,,,,,,,,,,,,,,,,,,,,,,,,,,,,,,,,,,,,,,,,,,,,,,,
,,,0.2992501429685498,,"MAHARAJA WHITELINE 65 L Desert Air Cooler??????(White, Grey, Rambo Grey / AC-303)",,,,,,0.3685715511678926,0.37109046468829077,0.31671311413454256,0.27573105631141354,,,,,,,,,,,,,,,,,,,,,,,,,,,,,,,,,,,,,,,,,,,,,,,,,,,,,,,,,,,,,,,,,,,,,,,,,,,,,,,,,,,,,,,,,,,,,,,,,,,,,,,,,,,,,,,,,,,,,,,,,,,,,,,,,,,,,
,,,0.27492843559910596,,"Crompton 75 L Desert Air Cooler??????(White, Teal, ACGC-DAC751)",,,,,,0.2969019000425863,0.37946173561006896,0.31633511017297233,0.22506460391460395,,,,,,,,,,,,,,,,,,,,,,,,,,,,,,,,,,,,,,,,,,,,,,,,,,,,,,,,,,,,,,,,,,,,,,,,,,,,,,,,,,,,,,,,,,,,,,,,,,,,,,,,,,,,,,,,,,,,,,,,,,,,,,,,,,,,,
,,,0.36969028234327134,,"boAt Rockerz 510 Super Extra Bass Bluetooth Headset??????(Molten Orange, On the Ear)",,,,,,0.3507147433143221,,0.3410137661018468,0.4073604799480686,0.3790711841822427,,,,,,,,,,,,,,,,,,,,,,,,,,,,,,,,,,,,,,,,,,,,,,,,,,,,,,,,,,,,,,,,,,,,,,,,,,,,,,,,,,,,,,,,,,,,,,,,,,,,,,,,,,,,,,,,,,,,,,,,,,,,,,,,,,,,
,,,0.3520332691999359,,"Aroma NB119 Titanium - 48 Hours Playtime Bluetooth Neckband Bluetooth Headset??????(Green, In the Ear)",,,,,,0.36032010868320397,0.4418333333333334,,0.5657554713804714,,1.0,,,,,,,,,,,,,,,,,,,,,,,,,,,,,,,,,,,,,,,,,,,,,,,,,,,,,,,,,,,,,,,,,,,,,,,,,,,,,,,,,,,,,,,,,,,,,,,,,,,,,,,,,,,,,,,,,,,,,,,,,,,,,,,,,,,
,,,0.25762645217332714,,"OnePlus Bullets Wireless Z2 with Fast Charge, 30 Hrs Battery Life, Earphones with mic Bluetooth Headset??????(Magico Black, In the Ear)",,,,,,0.15342944075465878,0.32099585921325047,0.24452651993600275,,0.08898644179894176,,,,,,,,,,,,,,,,,,,,,,,,,,,,,,,,,,,,,,,,,,,,,,,,,,,,,,,,,,,,,,,,,,,,,,,,,,,,,,,,,,,,,,,,,,,,,,,,,,,,,,,,,,,,,,,,,,,,,,,,,,,,,,,,,,,,
,,,0.2842281584268841,,"OnePlus Bullets Wireless Z2 Bluetooth Headset??????(Acoustic Red, In the Ear)",,,,,,0.1754008234139372,0.17476870748299322,0.33873563050424754,,-0.02037600076580342,,,,,,,,,,,,,,,,,,,,,,,,,,,,,,,,,,,,,,,,,,,,,,,,,,,,,,,,,,,,,,,,,,,,,,,,,,,,,,,,,,,,,,,,,,,,,,,,,,,,,,,,,,,,,,,,,,,,,,,,,,,,,,,,,,,,
,,,0.33200804542037177,,"Mivi Roam2 5 W Bluetooth Speaker??????(Black, Mono Channel)",,,,,,0.31938814861608966,0.43858814611314606,0.3018341538803077,0.33825260119996964,,,,,,,,,,,,,,,,,,,,,,,,,,,,,,,,,,,,,,,,,,,,,,,,,,,,,,,,,,,,,,,,,,,,,,,,,,,,,,,,,,,,,,,,,,,,,,,,,,,,,,,,,,,,,,,,,,,,,,,,,,,,,,,,,,,,,
,,,0.20833333333333334,,"etmax NANO BLACK 30 W Bluetooth Home Theatre??????(Black, Stereo Channel)",0.6233333333333333,,,,0.3677777777777778,-0.04299999999999997,0.4659259259259259,,,,,,,,,,,,,,,,,,,,,,,,,,,,,,,,,,,,,,,,,,,,,,,,,,,,,,,,,,,,,,,,,,,,,,,,,,,,,,,,,,,,,,,,,,,,,,,,,,,,,,,,,,,,,,,,,,,,,,,,,,,,,,,,,,,,,,,
,,,0.36009480252377885,,"Mivi Fort S16 Soundbar with 2 full range drivers, Made in India 16 W Bluetooth Soundbar??????(Black, 2.0 Channel)",,,,,,0.4149400416435844,0.34634061131612137,0.36923375672681247,0.4510892761559429,,,,,,,,,,,,,,,,,,,,,,,,,,,,,,,,,,,,,,,,,,,,,,,,,,,,,,,,,,,,,,,,,,,,,,,,,,,,,,,,,,,,,,,,,,,,,,,,,,,,,,,,,,,,,,,,,,,,,,,,,,,,,,,,,,,,,
,,,-0.18948830409356723,,"I Kall IK22 40 W Bluetooth Home Theatre??????(Black, 2.1 Channel)",,,,,,0.3088333333333334,0.18398148148148147,,0.09777777777777774,,,1.0,,,,,,,,,,,,,,,,,,,,,,,,,,,,,,,,,,,,,,,,,,,,,,,,,,,,,,,,,,,,,,,,,,,,,,,,,,,,,,,,,,,,,,,,,,,,,,,,,,,,,,,,,,,,,,,,,,,,,,,,,,,,,,,,,,
,,,0.09783185185185186,,"Sulfur Best Buy Ultra DJ Sound Blast Portable Best Bluetoothwith Super deep Bass Wireless Rechargeable dj Sound Bluetooth| Extra Baas Stereo sound quality |Led Colour Changing Lights | mini Home theatre| Speaker Support TF/USB/Pen Drive/AUX Slot 10 W Bluetooth Car Speaker??????(Black, Stereo Channel)",,,,,,0.4331158569825236,0.00043121693121694893,0.32984427609427613,,0.20761904761904762,,,,,,,,,,,,,,,,,,,,,,,,,,,,,,,,,,,,,,,,,,,,,,,,,,,,,,,,,,,,,,,,,,,,,,,,,,,,,,,,,,,,,,,,,,,,,,,,,,,,,,,,,,,,,,,,,,,,,,,,,,,,,,,,,,,,
,,,0.09995192571978292,,"F FERONS Wireless rechargeable portable Premium bass Multimedia FFRTG-113 9 W Bluetooth Speaker??????(Black, Stereo Channel)",,,,,,0.3859815873015874,0.22442942176870748,,0.337312925170068,0.08114814814814814,,,,,,,,,,,,,,,,,,,,,,,,,,,,,,,,,,,,,,,,,,,,,,,,,,,,,,,,,,,,,,,,,,,,,,,,,,,,,,,,,,,,,,,,,,,,,,,,,,,,,,,,,,,,,,,,,,,,,,,,,,,,,,,,,,,,
,,,0.12240238754550078,,"ZEBRONICS Zeb-Vita Plus 16 W Bluetooth Laptop/Desktop Speaker??????(Black, Stereo Channel)",,,,,,0.25146558443238803,0.33272030651341,0.2854114266396214,0.26145455881567,,,,,,,,,,,,,,,,,,,,,,,,,,,,,,,,,,,,,,,,,,,,,,,,,,,,,,,,,,,,,,,,,,,,,,,,,,,,,,,,,,,,,,,,,,,,,,,,,,,,,,,,,,,,,,,,,,,,,,,,,,,,,,,,,,,,,
,,,0.46314631113235005,,"Canon EOS 3000D DSLR Camera 1 Camera Body, 18 - 55 mm Lens????????(Black)",,,,,,0.4342361258653023,0.43991414491657244,0.42583707266695986,,,,,0.6516665479582144,,,,,,,,,,,,,,,,,,,,,,,,,,,,,,,,,,,,,,,,,,,,,,,,,,,,,,,,,,,,,,,,,,,,,,,,,,,,,,,,,,,,,,,,,,,,,,,,,,,,,,,,,,,,,,,,,,,,,,,,,,,,,,,,,
,,,0.29671786409481715,,Hindware Nevio Plus 60  Auto Clean Wall Mounted Chimney??????(Black 1400 CMH),,,,,,0.2511861025905741,0.2935433862433862,0.21184645427036725,,,,,,0.2713157510478939,,,,,,,,,,,,,,,,,,,,,,,,,,,,,,,,,,,,,,,,,,,,,,,,,,,,,,,,,,,,,,,,,,,,,,,,,,,,,,,,,,,,,,,,,,,,,,,,,,,,,,,,,,,,,,,,,,,,,,,,,,,,,,,,
,,,0.45103354978354976,,Faber Hood Mercury Pro HC SC FL BK 60 Auto Clean Wall Mounted Chimney??????(Black 1200 CMH),0.5499999999999999,,,,,,,,,,,,,0.5551262626262627,0.28272727272727277,0.28272727272727277,,,,,,,,,,,,,,,,,,,,,,,,,,,,,,,,,,,,,,,,,,,,,,,,,,,,,,,,,,,,,,,,,,,,,,,,,,,,,,,,,,,,,,,,,,,,,,,,,,,,,,,,,,,,,,,,,,,,,,,,,,,,,,
,,,0.30606864740198075,,Hindware Ripple 90 Auto Clean Wall Mounted Chimney??????(Black 1350 CMH),,,,,,0.20284810405643738,0.33017407407407406,,,0.2874470899470899,,,,0.31008095238095235,,,,,,,,,,,,,,,,,,,,,,,,,,,,,,,,,,,,,,,,,,,,,,,,,,,,,,,,,,,,,,,,,,,,,,,,,,,,,,,,,,,,,,,,,,,,,,,,,,,,,,,,,,,,,,,,,,,,,,,,,,,,,,,,
,,,0.375,,Whirlpool CLASSIC CF 60 BK HOOD 60 cm 750 m??/hr Wall Mounted Chimney??????(Black 750 CMH),,,,,,-0.05499999999999988,0.46333333333333326,,,,,,,,,,0.9099999999999999,0.6599999999999999,,,,,,,,,,,,,,,,,,,,,,,,,,,,,,,,,,,,,,,,,,,,,,,,,,,,,,,,,,,,,,,,,,,,,,,,,,,,,,,,,,,,,,,,,,,,,,,,,,,,,,,,,,,,,,,,,,,,,,,,,,,,
,,,0.23423030237010625,,Eurodomo Hood Indigo PRO HC SC FL BK 60 Auto Clean Wall Mounted Chimney??????(Black 1200 CMH),,,,,,0.2376343904412086,0.2997727272727273,0.3830770439901874,,,,,,0.37068793375936226,,,,,,,,,,,,,,,,,,,,,,,,,,,,,,,,,,,,,,,,,,,,,,,,,,,,,,,,,,,,,,,,,,,,,,,,,,,,,,,,,,,,,,,,,,,,,,,,,,,,,,,,,,,,,,,,,,,,,,,,,,,,,,,,
,,,0.42190476190476195,,Glen ISPA 90 BL Auto Clean Wall Mounted Chimney??????(Black 1050 CMH),,,,,,0.48333333333333334,,0.23916666666666667,0.5166666666666666,,,,,0.03750000000000006,,,,,,,,,,,,,,,,,,,,,,,,,,,,,,,,,,,,,,,,,,,,,,,,,,,,,,,,,,,,,,,,,,,,,,,,,,,,,,,,,,,,,,,,,,,,,,,,,,,,,,,,,,,,,,,,,,,,,,,,,,,,,,,,
,,,0.30712129629629625,,Hindware Ripple 90 Auto Clean Wall Mounted Chimney??????(Inox 1350 CMH),,,,,,0.30803598795840165,,0.2709027777777778,,0.21107142857142855,,,,0.36883156966490294,,,,,,,,,,,,,,,,,,,,,,,,,,,,,,,,,,,,,,,,,,,,,,,,,,,,,,,,,,,,,,,,,,,,,,,,,,,,,,,,,,,,,,,,,,,,,,,,,,,,,,,,,,,,,,,,,,,,,,,,,,,,,,,,
,,,0.3101713178628939,,CEAT Hitman Full Size Double Blade Poplar Cricket Bat - Advance Play Poplar Willow Cricket  Bat??????(1.2 kg),,,,,,0.38751423097974824,0.3858680555555556,,,,,,,,,,,,0.3740294312169312,0.4937647156084656,,,,,,,,,,,,,,,,,,,,,,,,,,,,,,,,,,,,,,,,,,,,,,,,,,,,,,,,,,,,,,,,,,,,,,,,,,,,,,,,,,,,,,,,,,,,,,,,,,,,,,,,,,,,,,,,,,,,,,,,,,
,,,0.5157407407407407,,HF MRF GRAND EDITON VK-18 ( Ideal For 15-21 Years) Hard Plastic bat for tennis ball PVC/Plastic Cricket  Bat??????(800-900 g),,,,,,0.5157407407407407,,,,,1.0,1.0,,,,,,,,,0.18,,,,,,,,,,,,,,,,,,,,,,,,,,,,,,,,,,,,,,,,,,,,,,,,,,,,,,,,,,,,,,,,,,,,,,,,,,,,,,,,,,,,,,,,,,,,,,,,,,,,,,,,,,,,,,,,,,,,,,,,,
,,,0.11089743589743585,,SportSoul Cotton Gym & Athletic Abdomen Support??????(Blue),,,,,,,0.5821428571428572,,,,,,,,,,,,,,,0.31360355253212396,0.16099999999999998,0.65,,,,,,,,,,,,,,,,,,,,,,,,,,,,,,,,,,,,,,,,,,,,,,,,,,,,,,,,,,,,,,,,,,,,,,,,,,,,,,,,,,,,,,,,,,,,,,,,,,,,,,,,,,,,,,,,,,,,,,
,,,0.6018518518518519,,MRF (SIZE-6) TANNIS WOODEN KASHMERI POPULER WILLOW Poplar Willow Cricket  Bat??????(0.3 kg),,,,,,-0.75,,,,,,,,,,,,,,,,0.2935185185185185,,,0.6,1.0,,,,,,,,,,,,,,,,,,,,,,,,,,,,,,,,,,,,,,,,,,,,,,,,,,,,,,,,,,,,,,,,,,,,,,,,,,,,,,,,,,,,,,,,,,,,,,,,,,,,,,,,,,,,,,,,,,,,
,,,-0.15433333333333335,,VICTORY Medium Weight ( Pack of 1 ) Rubber Cricket Tennis Ball Cricket Rubber Ball??????(Pack of 1),,,,,,,0.04666666666666665,,,,,,,,,,,,,,,,,,,,-0.25,-0.8105555555555556,-0.5216666666666666,,,,,,,,,,,,,,,,,,,,,,,,,,,,,,,,,,,,,,,,,,,,,,,,,,,,,,,,,,,,,,,,,,,,,,,,,,,,,,,,,,,,,,,,,,,,,,,,,,,,,,,,,,,,,,,,,
,,,0.3905,,"ArrowMax Professional Anti-slip Fitness (Black , pack of 2 ) Easy comfort Wrist Support??????(Black)",,,,,,0.5184761904761904,,,,,1.0,,,,,,,,,,,,,0.6699999999999999,,,,,,0.30766666666666664,,,,,,,,,,,,,,,,,,,,,,,,,,,,,,,,,,,,,,,,,,,,,,,,,,,,,,,,,,,,,,,,,,,,,,,,,,,,,,,,,,,,,,,,,,,,,,,,,,,,,,,,,,,,,,,,
,,,0.3742222222222222,,VICTORY Cricket Wind Ball (Pack of 1) - Made in India Smooth Cricket Cricket Synthetic Ball??????(Pack of 1),,,,,,0.0,,0.6066666666666666,,0.39,,,,,,,,,,,,,,,,,,,,,0.39,,,,,,,,,,,,,,,,,,,,,,,,,,,,,,,,,,,,,,,,,,,,,,,,,,,,,,,,,,,,,,,,,,,,,,,,,,,,,,,,,,,,,,,,,,,,,,,,,,,,,,,,,,,,,,,
,,,0.10250000000000001,,Rixen Cricket Net 20x10 Feet Cricket Net??????(Blue),,,,,0.4633333333333334,,0.28611111111111115,,,,,1.0,,,,,,,,,,,,,,,,,,,,0.6777777777777777,,,,,,,,,,,,,,,,,,,,,,,,,,,,,,,,,,,,,,,,,,,,,,,,,,,,,,,,,,,,,,,,,,,,,,,,,,,,,,,,,,,,,,,,,,,,,,,,,,,,,,,,,,,,,,
,,,,,"SportSoul Cotton Gym & Athletic Abdomen Support??????(Grey, Blue)",,,,,,0.059375000000000004,0.25937499999999997,,,,,,,,,,,,,,,,,,,,,,,,,,0.6333333333333333,0.5599999999999999,0.5599999999999999,,,,,,,,,,,,,,,,,,,,,,,,,,,,,,,,,,,,,,,,,,,,,,,,,,,,,,,,,,,,,,,,,,,,,,,,,,,,,,,,,,,,,,,,,,,,,,,,,,,,,,,,,,,
,,,0.25413019250253294,,"SportSoul Cotton Gym & Athletic Abdomen Support??????(Grey, Black)",,,,,,0.5128487484737485,0.43987588652482273,,,,1.0,1.0,,,,,,,,,,,,,,,,,,,,,,,,,,,,,,,,,,,,,,,,,,,,,,,,,,,,,,,,,,,,,,,,,,,,,,,,,,,,,,,,,,,,,,,,,,,,,,,,,,,,,,,,,,,,,,,,,,,,,,,,,,,,,,,,,,
,,,-0.01575892857142857,,the indian casa Cricket Net 10x20 Feet Nylon Cricket Boundary And Practice Net (Green) Cricket Net??????(Green),,,,,,-0.19333333333333336,0.1,0.17696428571428574,,,,,,,,,,,,,,,,,,,,,,,,,,,,-0.11767857142857145,,,,,,,,,,,,,,,,,,,,,,,,,,,,,,,,,,,,,,,,,,,,,,,,,,,,,,,,,,,,,,,,,,,,,,,,,,,,,,,,,,,,,,,,,,,,,,,,,,,,,,,,,,
,,,0.32650268440709607,,VICTORY Heavy Plastic Cricket Stumps Set??????(Blue),0.675,,,,,0.3762136243386244,0.58,,0.6270833333333334,,,,,,,,,,,,,,,,,,,,,,,,,,,,,,,,,,,,,,,,,,,,,,,,,,,,,,,,,,,,,,,,,,,,,,,,,,,,,,,,,,,,,,,,,,,,,,,,,,,,,,,,,,,,,,,,,,,,,,,,,,,,,,,,,,,,,
,,,0.5350347222222223,,LURAGS Diamond natural brown set of 6 stumps with bails??????(Brown),,,,,,0.5646111111111111,0.2833333333333333,,,,,1.0,,,,,,0.7291666666666667,,,,,,,,,,,,,,,,,,,,,,,,,,,,,,,,,,,,,,,,,,,,,,,,,,,,,,,,,,,,,,,,,,,,,,,,,,,,,,,,,,,,,,,,,,,,,,,,,,,,,,,,,,,,,,,,,,,,,,,,,,,,
,,,0.3098783068783069,,"MOTOROLA MOTODW12PS Free Standing 12 Place Settings with UV Sterilisation, Flexi Rack, Low Decibel Wash Dishwasher",,,,,,0.30333333333333334,,,,,1.0,,,,,,,,,,,,,,,,,,,,,,,,,,0.38708333333333333,0.30333333333333334,,,,,,,,,,,,,,,,,,,,,,,,,,,,,,,,,,,,,,,,,,,,,,,,,,,,,,,,,,,,,,,,,,,,,,,,,,,,,,,,,,,,,,,,,,,,,,,,,,,,,,,,
,,,0.22535624098124094,,Voltas Beko DT8S Free Standing 8 Place Settings Dishwasher,,,,,,0.41882769016697585,,0.3278935185185185,,,,,,,,,,,,,,,,,,,,,,,,,,,,,,,0.06344696969696967,-0.018005952380952372,,,,,,,,,,,,,,,,,,,,,,,,,,,,,,,,,,,,,,,,,,,,,,,,,,,,,,,,,,,,,,,,,,,,,,,,,,,,,,,,,,,,,,,,,,,,,,,,,,,,,,
,,,0.35714285714285715,,SAMSUNG DW60M5042FS/TL Free Standing 13 Place Settings Dishwasher,,,,,,,-0.09444444444444446,,0.026190476190476153,,,,,,,,,,,,,,,,0.3357142857142857,,,,,,,,,,,,,,,,0.2945238095238095,,,,,,,,,,,,,,,,,,,,,,,,,,,,,,,,,,,,,,,,,,,,,,,,,,,,,,,,,,,,,,,,,,,,,,,,,,,,,,,,,,,,,,,,,,,,,,,,,,,,,
,,,0.20993276014109347,,"IFB Neptune FX Free Standing 12 Place Settings with Germ-Free Hygienic Wash, Made for Indian Kitchens, Energy Efficient Dishwasher",,,,,,0.2674311490978158,,0.12947916666666665,,,,,,,,,,,,,,,,,,,,,,,,,,,,,,,,,,0.38333333333333336,0.127429012345679,,,,,,,,,,,,,,,,,,,,,,,,,,,,,,,,,,,,,,,,,,,,,,,,,,,,,,,,,,,,,,,,,,,,,,,,,,,,,,,,,,,,,,,,,,,,,,,,,,,
,,,0.316641835016835,,Voltas Beko DT8B Free Standing 8 Place Settings Intensive Kadhai Cleaning| No Pre-rinse Required Dishwasher,,,,,,0.2685368996083282,,0.2896951487665774,0.28470315398886825,,,,,,,,,,,,,,,,,,,,,,,,,,,,,,0.2413412698412698,,,,,,,,,,,,,,,,,,,,,,,,,,,,,,,,,,,,,,,,,,,,,,,,,,,,,,,,,,,,,,,,,,,,,,,,,,,,,,,,,,,,,,,,,,,,,,,,,,,,,,,
,,,0.3299409560644924,,"IFB Neptune SX1 Free Standing 15 Place Settings with Germ-Free Hygienic Wash, Made for Indian Kitchens, Steam Drying, Energy Efficient Dishwasher",,,,,,0.31558474858474866,,0.37812623876711177,,,,,,,,,,,,,,,,,,,,,,,,,,,,,,,0.25334514790764795,,0.2765495956589706,,,,,,,,,,,,,,,,,,,,,,,,,,,,,,,,,,,,,,,,,,,,,,,,,,,,,,,,,,,,,,,,,,,,,,,,,,,,,,,,,,,,,,,,,,,,,,,,,,,,,
,,,0.33720220088035213,,"Midea TORRINO,WQP12-5201F Free Standing 13 Place Settings Intensive Kadhai Cleaning| No Pre-rinse Required Dishwasher",,,,,,0.240964491857349,0.3494727891156462,0.3523015672599005,,,,,,,,,,,,,,,,,,,,,,,,,,,,,,,,,,,,0.26678383838383835,,,,,,,,,,,,,,,,,,,,,,,,,,,,,,,,,,,,,,,,,,,,,,,,,,,,,,,,,,,,,,,,,,,,,,,,,,,,,,,,,,,,,,,,,,,,,,,,,,
,,,0.3586204557264825,,"IFB Neptune VX Free Standing 12 Place Settings with Germ-Free Hygienic Wash, Made for Indian Kitchens, Steam Drying, Energy Efficient Dishwasher",,,,,,0.347314295552932,,,,,,,,,,,,,,,,,,,,,,,,,,,,,,,,,0.29168913840788846,,0.23159339636971213,,,,0.4093394886363636,,,,,,,,,,,,,,,,,,,,,,,,,,,,,,,,,,,,,,,,,,,,,,,,,,,,,,,,,,,,,,,,,,,,,,,,,,,,,,,,,,,,,,,,,,,,,,,,,
,,,,,Faber FFSD 6PR 12S Neo Black Free Standing 12 Place Settings Dishwasher,,,,,,0.2740740740740741,-0.125,,,,,,,,,,,,,,,,,,,,,,,,,,,,,,,,,,,,,,,0.25,0.2740740740740741,0.2740740740740741,,,,,,,,,,,,,,,,,,,,,,,,,,,,,,,,,,,,,,,,,,,,,,,,,,,,,,,,,,,,,,,,,,,,,,,,,,,,,,,,,,,,,,,,,,,,,,
,,,0.29537002096436055,,BOSCH SMS66GW01I Free Standing 13 Place Settings Intensive Kadhai Cleaning| No Pre-rinse Required Dishwasher,,,,,,0.40578904006046873,,0.3136837457205104,,,,,,,,,,,,,,,,,,,,,,,,,,,,,,,0.3017813051146384,,,,,,0.28548170194003525,,,,,,,,,,,,,,,,,,,,,,,,,,,,,,,,,,,,,,,,,,,,,,,,,,,,,,,,,,,,,,,,,,,,,,,,,,,,,,,,,,,,,,,,,,,,,,,,,
,,,0.3450644213832367,,BOSCH SMS66GI01I Free Standing 13 Place Settings Intensive Kadhai Cleaning| No Pre-rinse Required Dishwasher,,,,,,0.34892952312238024,,0.3231266001024066,,,,,,,,,,,,,,,,,,,,,,,,,,,,,,,0.2902443654229368,,0.19411401098901096,,,,,,,,,,,,,,,,,,,,,,,,,,,,,,,,,,,,,,,,,,,,,,,,,,,,,,,,,,,,,,,,,,,,,,,,,,,,,,,,,,,,,,,,,,,,,,,,,,,,,
,,,0.33121411138590146,,Voltas Beko DF14W Free Standing 14 Place Settings Intensive Kadhai Cleaning| No Pre-rinse Required Dishwasher,,,,,,0.218329137463066,0.23492421379326137,0.3374986709197236,,,,,,,,,,,,,,,,,,,,,,,,,,,,,,,0.25183131737543496,,,,,,,,,,,,,,,,,,,,,,,,,,,,,,,,,,,,,,,,,,,,,,,,,,,,,,,,,,,,,,,,,,,,,,,,,,,,,,,,,,,,,,,,,,,,,,,,,,,,,,,
,,,0.30926330788920076,,"IFB Neptune VX Plus Free Standing 15 Place Settings with Germ-Free Hygienic Wash, Made for Indian Kitchens, Steam Drying, Energy Efficient Dishwasher",,,,,,0.22961243386243382,,0.09897999076173683,,,,,,,,,,,,,,,,,,,,,,,,,,,,,,,0.3109580176767677,,0.07977155149377373,,,,,,,,,,,,,,,,,,,,,,,,,,,,,,,,,,,,,,,,,,,,,,,,,,,,,,,,,,,,,,,,,,,,,,,,,,,,,,,,,,,,,,,,,,,,,,,,,,,,,
,,,0.353863301050801,,LG DFB424FP Free Standing 14 Place Settings Intensive Kadhai Cleaning| No Pre-rinse Required Dishwasher,,,,,,0.3702004419191919,,,,,,,,,,,,,,,,,,,,,,,,,,,,,,,,,,,0.3516891788766789,,,,,0.30386539386539385,,,0.2831592019092019,,,,,,,,,,,,,,,,,,,,,,,,,,,,,,,,,,,,,,,,,,,,,,,,,,,,,,,,,,,,,,,,,,,,,,,,,,,,,,,,,,,,,,,,,,,,,
,,,0.4164285714285714,,Hafele Aqua 12S Free Standing 12 Place Settings Intensive Kadhai Cleaning| No Pre-rinse Required Dishwasher,,,,,,0.49450000000000005,,,,,,,,,,,,0.7777777777777778,,,,,,,,,,,,,,,,,,,,,,,,,0.5650000000000001,,,,,,,0.38875000000000004,,,,,,,,,,,,,,,,,,,,,,,,,,,,,,,,,,,,,,,,,,,,,,,,,,,,,,,,,,,,,,,,,,,,,,,,,,,,,,,,,,,,,,,,,,,,
,,,0.2642857142857143,,BOSCH SMS24AW00I Free Standing 12 Place Settings Intensive Kadhai Cleaning| No Pre-rinse Required Dishwasher,,,,,,0.19172619047619047,-0.05782142857142855,,,,,,,,,,,,,,,,,,,,,,,,,,,,,,,,0.42291666666666666,,,,,,,,,,,,0.1917261904761905,,,,,,,,,,,,,,,,,,,,,,,,,,,,,,,,,,,,,,,,,,,,,,,,,,,,,,,,,,,,,,,,,,,,,,,,,,,,,,,,,,,,,,,,,,,
,,,0.15226190476190476,,Midea WQP8-3802D Free Standing 8 Place Settings Intensive Kadhai Cleaning| No Pre-rinse Required Dishwasher,,,,,,0.29016666666666663,,,0.1970238095238095,,,,,,,,,,,,,,,,,,,,,,,,,,,,,,,,,,,,,,,,,,-0.023214285714285715,0.30178571428571427,,,,,,,,,,,,,,,,,,,,,,,,,,,,,,,,,,,,,,,,,,,,,,,,,,,,,,,,,,,,,,,,,,,,,,,,,,,,,,,,,,,,,,,,,,
,,,,,Faber FFSD 8PR 14S Free Standing 14 Place Settings Intensive Kadhai Cleaning| No Pre-rinse Required Dishwasher,,,,,,0.5933333333333334,,,,,,,,,,,,,,,,,,,,,,,,,,,,,,,,,0.5029166666666667,,,,0.5029166666666667,,,,,,,,,,0.5933333333333334,0.5933333333333334,,,,,,,,,,,,,,,,,,,,,,,,,,,,,,,,,,,,,,,,,,,,,,,,,,,,,,,,,,,,,,,,,,,,,,,,,,,,,,,,,,,,,,,,
,,,0.18999248436748434,,LG DFB424FW Free Standing 14 Place Settings Intensive Kadhai Cleaning| No Pre-rinse Required Dishwasher,,,,,,0.0019675925925925902,,0.20380401234567902,0.1388888888888889,,,,,,,,,,,,,,,,,,,,,,,,,,,,,,,,,,,,,,,,,,,,,,0.1919191919191919,,,,,,,,,,,,,,,,,,,,,,,,,,,,,,,,,,,,,,,,,,,,,,,,,,,,,,,,,,,,,,,,,,,,,,,,,,,,,,,,,,,,,,,
,,,0.13734567901234568,,SAMSUNG DW60M5042FW/TL Free Standing 13 Place Settings Dishwasher,,,,,,0.3179166666666667,,-0.125,,,,,,-0.42333333333333334,,,,,,,,,,,,,,,,,,,,,,,,,,,,,,,,,-0.42333333333333334,,,,,,,,,,,,,,,,,,,,,,,,,,,,,,,,,,,,,,,,,,,,,,,,,,,,,,,,,,,,,,,,,,,,,,,,,,,,,,,,,,,,,,,,,,,,,,,
,,,,,Faber FFSD 6PR 12S Neo Free Standing 12 Place Settings Intensive Kadhai Cleaning| No Pre-rinse Required Dishwasher,,,,,,0.20333333333333334,,,,,,,,,,,,,,,,,,,,,,,,,,,,,,,,,,,,,,,,,,,,,,,,,,0.1983116883116883,0.2766233766233766,0.2766233766233766,0.2766233766233766,,,,,,,,,,,,,,,,,,,,,,,,,,,,,,,,,,,,,,,,,,,,,,,,,,,,,,,,,,,,,,,,,,,,,,,,,,,,,,,,,,,
,,,0.35585416666666664,,Siemens SN26L201IN/SN256W01GI Free Standing 12 Place Settings Dishwasher,,,,,,,,,,,,,,0.3237760416666667,,,,,,,,,,,,,,,,,,,,,,,,,,,,,,,,,,,,0.3095833333333333,,,,,,,,0.31277777777777777,,0.3325260416666667,,,,,,,,,,,,,,,,,,,,,,,,,,,,,,,,,,,,,,,,,,,,,,,,,,,,,,,,,,,,,,,,,,,,,,,,,,,,,,,,,,
,,,0.37833333333333335,,BLUECHIP BL55SmartTV2.1Amp TV Voltage Stabilizer for LED TV/Smart TV Up to 55 Inches + Set Top Box + home theater??????(Sea-Green),,,,,,0.4944444444444445,0.6957575757575757,,,,1.0,1.0,,,,,,,,,,,,,,,,,,,,,,,,,,,,,,,,,,,,,,,,,,,,,,,,,,,,,,,,,,,,,,,,,,,,,,,,,,,,,,,,,,,,,,,,,,,,,,,,,,,,,,,,,,,,,,,,,,,,,,,,,,,,,,,,,,
,,,-0.5,,"DALUCI Set Top Box Stand / WIFI Router Stand / Wall Mount Stand / Wifi Holder MDF (Medium Density Fiber) Wall Shelf??????(Number of Shelves - 2, Black)",,,,,,0.11375000000000002,,0.22750000000000004,,,,,,,,,,,,,,,,,,,,,,,,,,,,,,,,,,,,,,,,,,,,,,,,,,,,,0.22750000000000004,0.22750000000000004,,,,,,,,,,,,,,,,,,,,,,,,,,,,,,,,,,,,,,,,,,,,,,,,,,,,,,,,,,,,,,,,,,,,,,,,,,,,,,,,
,,,,,"BLUECHIP BL60SmartTV3.1Amp TV Voltage Stabilizer for LED TV/Smart TV Up to 60+ Inches + Set Top Box + home theater , With 3 Years Warranty??????(Gold)",,,,,,,,,,,,,,,,,,,,,,,,,,,,,,,0.0,,,,,,,,,,,,,,,,,,,,,,,,,,,,,,,,0.0,0.805,0.805,0.18333333333333332,,,,,,,,,,,,,,,,,,,,,,,,,,,,,,,,,,,,,,,,,,,,,,,,,,,,,,,,,,,,,,,,,,,,,,,,,,,,
,,,,,"Supreme Bazaar Abs Setup Box Holder Unbreakable Crystal Clear Premium Quality Set of Box Stand/Dth Stand Plastic Wall Shelf??????(Number of Shelves - 1, Clear)",,,,,,,,,,,1.0,,,,,,,0.8166666666666667,,,,,,,,0.8360000000000001,,,,,,,,,,,,,,,,,,,,,,,,,,,,,,,,,,,,,,,,,0.62625,0.8360000000000001,,,,,,,,,,,,,,,,,,,,,,,,,,,,,,,,,,,,,,,,,,,,,,,,,,,,,,,,,,,,,,,,,,,,,,,,,,
,,,-0.08941156462585034,,Tata Sky Tatasky 03 Dth Univeral SD / HD Set Up Box Remote Controller with Batteries (Black) Tatasky Remote Controller??????(Black),,,,,,0.21849277210884352,,-0.21686224489795913,,0.24676020408163266,,1.0,,,,,,,,,,,,,,,,,,,,,,,,,,,,,,,,,,,,,,,,,,,,,,,,,,,,,,,,,,,,,,,,,,,,,,,,,,,,,,,,,,,,,,,,,,,,,,,,,,,,,,,,,,,,,,,,,,,,,,,,,,,,,,,,,,
,,,0.311547619047619,,"BLUECHIP BL43SmartTV TV Voltage Stabilizer for LED TV/Smart TV Up to 43 Inches , Set Top Box??????(Royal Blue)",0.62625,,,,,0.4630612244897959,0.2835,,,,1.0,,,,,,,,,,,,,,,,,,,,,,,,,,,,,,,,,,,,,,,,,,,,,,,,,,,,,,,,,,,,,,,,,,,,,,,,,,,,,,,,,,,,,,,,,,,,,,,,,,,,,,,,,,,,,,,,,,,,,,,,,,,,,,,,,,,
,,,0.3639934685197843,,"BLUECHIP 100% Copper BL72SmartTV3.2Amp TV Voltage Stabilizer for LED TV/Smart TV Up to 72 + Inches + Set Top Box + home theater , With 3 Years Warranty ( 100% Copper )??????(Black, Gold)",,,,,,0.3069020013802623,0.4428787878787878,,-0.27499999999999997,,1.0,,,,,,,,,,,,,,,,,,,,,,,,,,,,,,,,,,,,,,,,,,,,,,,,,,,,,,,,,,,,,,,,,,,,,,,,,,,,,,,,,,,,,,,,,,,,,,,,,,,,,,,,,,,,,,,,,,,,,,,,,,,,,,,,,,,
,,,0.024999999999999967,,"Value Adds Wall Mount Set Top Box Iron Wall Shelf (Number of Shelves - 1, Black) Steel Wall Shelf??????(Number of Shelves - 1, Black)",,,,,,,0.0359375,0.2693055555555556,,,,1.0,,,,,,,,,,,,,,,,,,,,0.7133333333333333,,,,,,,,,,,,,,,,,,,,,,,,,,,,,,,,,,,,,,,,,,,,,,,,,,,,,,,,,,,,,,,,,,,,,,,,,,,,,,,,,,,,,,,,,,,,,,,,,,,,,,,,,,,,,,
,,,0.60875,,"D&V ENGINEERING 2 Compartments Iron Remote control holder /stand /organizer for TV AC DTH STB Remotes with attractive DANCING lady??????(Black, Green, RED/PINK)",,,,,,,,,,,1.0,,,,,,,0.8,,,,,,,,,,,,0.1722222222222222,,,,,,,,,,,,,,,,,,,,,,,,,,,,,,,,,,,,,,,1.0,,,,,,,,,,,,,,,,,,,,,,,,,,,,,,,,,,,,,,,,,,,,,,,,,,,,,,,,,,,,,,,,,,,,,,,,,
,,,0.60875,,"D&V ENGINEERING 2 Compartments Iron Remote control holder /stand /organizer for TV AC DTH STB Remotes with attractive Dancing Lady??????(Black, Green, Pink)",,,,,,,,,,,1.0,,,,,,,0.8,,,,,,,,,,,,0.1722222222222222,,,,,,,,,,,,,,,,,,,,,,,,,,,,,,,,,,,,,,,1.0,,,,,,,,,,,,,,,,,,,,,,,,,,,,,,,,,,,,,,,,,,,,,,,,,,,,,,,,,,,,,,,,,,,,,,,,,
,,,0.0595,,Airtel Regular Digital TV SD/HD DTH Compatible Remote UNIVERSAL Remote Controller??????(Black),,,,,,,0.35666666666666663,0.030444444444444458,,,1.0,,,,,,0.6791666666666666,,,,,,,,,,,,,,,,,,,,,,,,,,,,,,,,,,,,,,,,,,,,,,,,,,,,,,,,,,,,,,,,,,,,,,,,,,,,,,,,,,,,,,,,,,,,,,,,,,,,,,,,,,,,,,,,,,,,,,,,,,,,,
,,,,,"7SEVEN Airtel DTH Remote Airtel Xstream Remote Compatible with SD and HD Recording Compatible for original Set top or Setup Box Digital tv Remote Control AIRTEL Set Top Box, AIRTEL Xstream - Android TV Set Top Box Remote Controller??????(Black)",0.6499999999999999,,,,,,,,,,,,,,,,,,,,,,,,,,,,,,,0.4666666666666666,,,,,,,,,,,,,,,,,,,,,,,,,,,,,,,,,,,,,,0.4736111111111111,0.4666666666666666,0.6999999999999998,,,,,,,,,,,,,,,,,,,,,,,,,,,,,,,,,,,,,,,,,,,,,,,,,,,,,,,,,,,,,,,,,,,,,,
,,,,,"D&V ENGINEERING 2 Compartments Iron Remote control holder /stand /organizer for TV AC DTH STB Remotes for living room showpiece??????(Black, Green, Pink)",,,,,,,,,,,,,,,,,,,,,,,,,,,,,,,,,,,,,,,,,,,,,,,,,,,,,,,,,,,,,,,,,,,0.43,,,,,,0.75,0.7,0.7,0.9099999999999999,,,,,,,,,,,,,,,,,,,,,,,,,,,,,,,,,,,,,,,,,,,,,,,,,,,,,,,,,,,,,,,,,,
,,,-0.11259259259259259,,"D&V ENGINEERING Sturdy Set top Box Stand,DVD,DTH,Telephone, WiFi Modems Stand for Home Steel Wall Shelf (Wide Shelf) Iron Wall Shelf??????(Number of Shelves - 1, Black)",,,,,,,,,,,,,,,,,,,,,,,,,,,,,,,,,,,,,,,,,,,,,,,,,,,,,,,,,,,,,,,,,,,,,,,,,,,,,0.8,-0.75,0.6499999999999999,0.1486111111111111,,,,,,,,,,,,,,,,,,,,,,,,,,,,,,,,,,,,,,,,,,,,,,,,,,,,,,,,,,,,,,
,,,-0.9549999999999998,,"CHARDI KALA Set Top Box / DTH Stand - Wall Mount Stand / Wifi Router Stand, Color : Black (Ideal for All Type of Set Top Box) Cast Iron Wall Shelf (Number of Shelves - 1, Black) Cast Iron Wall Shelf??????(Number of Shelves - 1, Black)",,,,,,,,,,,,,,,,,,,,,,,,,,,,-0.48249999999999993,,,,,,,,,,,,,,,,,,,,,,,,,,,,,,,,,,,,,,,,,,,,,,,,,,,,,-0.48249999999999993,0.5,-0.9549999999999998,,,,,,,,,,,,,,,,,,,,,,,,,,,,,,,,,,,,,,,,,,,,,,,,,,,,,,,,,,,
,,,-0.1800297619047619,,Tata Sky Tatasky Old model DTH Compatible Setup box Remote- Black Tata Sky Remote Controller??????(Black),,,,,,,0.03412698412698412,,,,,1.0,,,,,,,,,,,,,,,,,,0.37,,,,,,,,,,,,,,,,,,,,,,,,,,,,,,,,,,,,,,,,,,,,,,,,,,,,,,0.6749999999999999,,,,,,,,,,,,,,,,,,,,,,,,,,,,,,,,,,,,,,,,,,,,,,,,,,,,,,,,,,
,,,0.15849259259259263,,Airtel Regular Digital TV DTH Remote Compatible with SD and HD Recording (Black) Airtel Remote Controller??????(Black),0.6458333333333334,,,,,,0.39194444444444443,,,,0.9666666666666667,,,,,,,,,,,,,,,,,,,,,,,,,,,,,,,,,,,,,,,,,,,,,,,,,,,,,,,,,,,,,,,,,,,,,,,,,,0.49666666666666665,,,,,,,,,,,,,,,,,,,,,,,,,,,,,,,,,,,,,,,,,,,,,,,,,,,,,,,,,
,,,-0.2783333333333333,,"Airtel Dth Settop Box Airtel TV, Airtel set up box, Airtel HD TV Remote Controller??????(Black)",0.6833333333333332,,,,,,,,,,,,,,,,,0.5125,,,,,,0.07500000000000001,,,,,,,,,,,,,,,,,,,,,,,,,,,,,,,,,,,,,,,,,,,,,,,,,,,,,,,,,,,,,,1.0,,,,,,,,,,,,,,,,,,,,,,,,,,,,,,,,,,,,,,,,,,,,,,,,,,,,,,,,
,,,0.6783333333333332,,Nextron NX-AE100 Voltage Stabilizer for Smart LED TV for 32/43/55 inchs+Set Top Box +home theater??????(Black),,,,,,0.40173333333333333,0.2675,,,,,1.0,,,,,,,,,,,,,,,,,,,,,,,,,,,,,,,,,,,,,,,,,,,,,,,,,,,,,,,,,,,,,,,,,,,,,,,,,,,0.6763888888888889,,,,,,,,,,,,,,,,,,,,,,,,,,,,,,,,,,,,,,,,,,,,,,,,,,,,,,,
,,,0.4072222222222222,,Airtel Airtel Universal Setup box Remote Digital Setup box Universal Remote Airtel Remote Controller??????(Black),,,,,0.391,,,,,,,,,,,,,,,,,,,0.4666666666666666,,,,,,,,0.7261111111111112,,,,,,,,,,,,,,,,,,,,,,,,,,,,,,,,,,,,,,,,,,,,,,,,,,,,,,,,0.2157738095238095,,,,,,,,,,,,,,,,,,,,,,,,,,,,,,,,,,,,,,,,,,,,,,,,,,,,,,
,,,,,"SQUARO ONLINE STORE Unbreakable Setup Box stand/WiFi Router/DTH Telephone/Mobile Shelf/Holder Acrylic Wall Shelf??????(Number of Shelves - 1, White, Black)",,,,,,,,,,,,,,,,,,,,,,,,,,,,,,,,,,,,,,,,,,,,,,,,,,,,,,,,,,,,,,,,,,,,,,,,,,,,,,,,,,,,,,,,,0.3122222222222222,0.3122222222222222,0.3122222222222222,0.3122222222222222,0.3122222222222222,,,,,,,,,,,,,,,,,,,,,,,,,,,,,,,,,,,,,,,,,,,,,,,,,
,,,,,"Tata Sky (Works with all TV) Tatasky set top box, Tatasky SD set top box, Tatasky HD set top box, Tatasky DTH Setup box Remote Controller??????(Black)",,,,,,,,,,-1.0,,,,,,,,,,,,,,,,,,,,,,,,,,,,,,,,,,,,,,,,,,,,,,,,,,,,,,,,,,,,,,,,,,,0.8,,,,,,,,,,,,,,,,,-1.0,1.0,1.0,,,,,,,,,,,,,,,,,,,,,,,,,,,,,,,,,,,,,,,,,,,,,,
,,,,,"SQUARO ONLINE STORE Unbreakable Setup Box stand/WiFi Router/DTH Telephone/Mobile Shelf/Holder Acrylic Wall Shelf??????(Number of Shelves - 1, Black)",,,,,,,,,,,,,,,,,,,,,,,,,,,,,,,,,,,,,,,,,,,,,,,,,,,,,,,,,,,,,,,,,,,,,,,,,,,,,,,,,,,,,,,,,0.3122222222222222,0.3122222222222222,0.3122222222222222,0.3122222222222222,0.3122222222222222,,,,,,,,,,,,,,,,,,,,,,,,,,,,,,,,,,,,,,,,,,,,,,,,,
,,,0.2672306825547565,,"Flipkart SmartBuy CFXB18 Electric Rice Cooker??????(1.8 L, White, Blue)",,,,,,0.31199078495034377,0.22648178865159987,0.35898259437321933,,,1.0,,,,,,,,,,,,,,,,,,,,,,,,,,,,,,,,,,,,,,,,,,,,,,,,,,,,,,,,,,,,,,,,,,,,,,,,,,,,,,,,,,,,,,,,,,,,,,,,,,,,,,,,,,,,,,,,,,,,,,,,,,,,,,,,,,,
,,,0.23988060897435895,,"Flipkart SmartBuy CFXB15 Electric Rice Cooker??????(1.5 L, White)",,,,,,0.3186016260162602,0.30656249999999996,,,,1.0,1.0,,,,,,,,,,,,,,,,,,,,,,,,,,,,,,,,,,,,,,,,,,,,,,,,,,,,,,,,,,,,,,,,,,,,,,,,,,,,,,,,,,,,,,,,,,,,,,,,,,,,,,,,,,,,,,,,,,,,,,,,,,,,,,,,,,
,,,-0.27825396825396825,,"Prestige PRWO 1.8-2 Electric Rice Cooker with Steaming Feature??????(1.8 L, White)",,,,,,-0.10149749373433581,0.034444444444444444,,,,,,,,,,,,,,,,,,,,,,,,,,,,,,,,,,,,,,,,,,,,,,,,,,,,,,,,,,,,,,,,,,,,,,,,,,,,,,,,0.5589,,,,,,,,,,0.25,,,,,,,,,,,,,,,,,,,,,,,,,,,,,,,,,,,,,,,,,,,,,
,,,0.17238095238095238,,"WONDERCHEF Nutri Pot Electric Pressure Cooker??????(3 L, Black & Silver)",,,,,,0.33095238095238094,,0.3261904761904762,,,,0.9633333333333334,,,,,,,,,,,,,,,,,,,,,,,,,,,,,,,,,,,,,,,,,,,,,,-0.3499999999999999,,,,,,,,,,,,,,,,,,,,,,,,,,,,,,,,,,,,,,,,,,,,,,,,,,,,,,,,,,,,,,,,,,,,,,,,,,,,,,,,,,,,
,,,0.10176984126984125,,"Prestige Atlas Delight Electric Rice Cooker??????(1.8 L, Blue)",,,,,,0.1253030053426879,-0.11100000000000002,,,-0.21191534391534392,,,,,,,,,,,,,,,,,,,,,,,,,,,,,,,,,,,,,,,,,,,,,,,,0.026730769230769235,,,,,,,,,,,,,,,,,,,,,,,,,,,,,,,,,,,,,,,,,,,,,,,,,,,,,,,,,,,,,,,,,,,,,,,,,,,,,,,,,,,,
,,,0.030933333333333334,,"Adonai POT1.5LPINK Rice Cooker, Food Steamer, Travel Cooker, Slow Cooker, Electric Pressure Cooker??????(1.5 L, Pink)",,,,,,0.2197373737373738,0.15761904761904763,,,,1.0,,,,,,,,,,,,,0.44833333333333336,,,,,,,,,,,,,,,,,,,,,,,,,,,,,,,,,,,,,,,,,,,,,,,,,,,,,,,,,,,,,,,,,,,,,,,,,,,,,,,,,,,,,,,,,,,,,,,,,,,,,,,,,,,,,,,,,,,,,,
,,,0.24461111111111108,,Butterfly Rapid Kettle 1.5 Litre + Eco 750 Ml Water Bottle,,,,,,0.2485087719298246,0.33351851851851855,0.49750000000000005,,0.5612962962962963,,,,,,,,,,,,,,,,,,,,,,,,,,,,,,,,,,,,,,,,,,,,,,,,,,,,,,,,,,,,,,,,,,,,,,,,,,,,,,,,,,,,,,,,,,,,,,,,,,,,,,,,,,,,,,,,,,,,,,,,,,,,,,,,,,,,
,,,0.13317730678975442,,"Pigeon Favourite Electric Kettle??????(1.5 L, Silver, Black)",,,,,,0.203668028716598,0.2378920544476099,0.30735675381263616,,0.098655637254902,,,,,,,,,,,,,,,,,,,,,,,,,,,,,,,,,,,,,,,,,,,,,,,,,,,,,,,,,,,,,,,,,,,,,,,,,,,,,,,,,,,,,,,,,,,,,,,,,,,,,,,,,,,,,,,,,,,,,,,,,,,,,,,,,,,,
,,,0.22480641584119018,,Seagate One Touch with Password Protection for Windows & Mac with 3 years Data Recovery Services - Portable 1 TB External Hard Disk Drive (HDD)??????????(Space Gray),,,,,,0.12610239484463087,-0.011803350970017652,0.22765534788550662,0.21897732426303854,,,,,,,,,,,,,,,,,,,,,,,,,,,,,,,,,,,,,,,,,,,,,,,,,,,,,,,,,,,,,,,,,,,,,,,,,,,,,,,,,,,,,,,,,,,,,,,,,,,,,,,,,,,,,,,,,,,,,,,,,,,,,,,,,,,,,
,,,0.18233333333333332,,Seagate Expansion for Windows and Mac with 3 years Data Recovery Services ?????? Portable 1 TB External Hard Disk Drive (HDD)??????????(Black),,,,,,-0.05958333333333335,0.4993888888888888,,,,1.0,,,,,,,,,,,,,,,,,,,,,,,,,,,,,,,,,,,,,,,,,,,,,,,,,,,,,,,,,,,,,,,,,,,,,,,,,,,,,,,,,,,,,,,0.28541666666666665,,,,,,,,,,,,,,,,,,,,,,,,,,,,,,,,,,,,,,,,,,,,
,,,0.28201274483572353,,Seagate One Touch with Password Protection for Windows & Mac with 3 years Data Recovery Services - Portable 2 TB External Hard Disk Drive (HDD)??????????(Light Blue),,,,,,0.23814621390514235,0.3263734774710384,0.28162372599292235,,,0.9878048780487805,,,,,,,,,,,,,,,,,,,,,,,,,,,,,,,,,,,,,,,,,,,,,,,,,,,,,,,,,,,,,,,,,,,,,,,,,,,,,,,,,,,,,,,,,,,,,,,,,,,,,,,,,,,,,,,,,,,,,,,,,,,,,,,,,,,
,,,0.3231217387083167,,WD Elements 2 TB Wired External Hard Disk Drive (HDD)??????????(Black),,,,,,0.29378678413235443,,0.26187076945045706,,,,,,,,,,,,,,,,,,,,,,,,,,,,,,,,,,,,,0.372884623015873,,,,,,,,,,,,,,,,,,,,,,,,,,,,,,,,,,,,,,,,,,,,,,,,,,,,,,0.4774242424242425,,,,,,,,,,,,,,,,,,,,,,,,,,,,,,,,,,,,,,,,,,,
,,,0.238852657195708,,WD 1.5 TB Wired External Hard Disk Drive (HDD)??????????(Black),,,,,,0.21368325235641583,0.254781162464986,0.24212022790011922,0.18011025599914493,,,,,,,,,,,,,,,,,,,,,,,,,,,,,,,,,,,,,,,,,,,,,,,,,,,,,,,,,,,,,,,,,,,,,,,,,,,,,,,,,,,,,,,,,,,,,,,,,,,,,,,,,,,,,,,,,,,,,,,,,,,,,,,,,,,,,
,,,0.17145833333333332,,LUMINOUS Vento Dlx 150 mm 5 Blade Exhaust Fan??????????(White),,,,,,0.388,0.2157211538461538,,,,,,,,,,,0.78,,,,,,,,,,,,,,,,,,,,,,,,,,,,,,,,,,,,,,,,,,,,,,,,,,,,,,,,,,,,,,,,,,,,,,,,,,,,,,,,0.20125992063492065,,,,,,,,,,,,,,,,,,,,,,,,,,,,,,,,,,,,,,,,,,,,
,,,0.11217647495692132,,"Atomberg Renesa 1200 mm BLDC Motor with Remote 3 Blade Ceiling Fan??????????(Ivory & Black, Pack of 1)",,,,,,0.18091853612214442,0.0676736111111111,0.26881157915607323,,,,,,,,,,,,,,,,,,,,,,,,,,,,,,,,,,,,,,,,,,,,,,,,,,,,,,,,,,,,,,,,,,,,,,,,,,,,,,,,,,,,,,,,,,,,0.192284815807775,,,,,,,,,,,,,,,,,,,,,,,,,,,,,,,,,,,,,,,,,,
,,,0.1496996825396826,,"BAJAJ Crest Neo 1200 mm 3 Blade Ceiling Fan??????????(Brown, Pack of 1)",,,,,,0.3431270943562611,0.18791666666666668,,-0.18934920634920635,,1.0,,,,,,,,,,,,,,,,,,,,,,,,,,,,,,,,,,,,,,,,,,,,,,,,,,,,,,,,,,,,,,,,,,,,,,,,,,,,,,,,,,,,,,,,,,,,,,,,,,,,,,,,,,,,,,,,,,,,,,,,,,,,,,,,,,,
,0.5548263888888889,,0.24280723905723905,,"Candes Florence 1200 mm Energy Saving 3 Blade Ceiling Fan??????????(Silver Blue, Pack of 2)",,,,,,0.2733364898989899,0.31905303030303034,,,0.3953333333333334,,,,,,,,,,,,,,,,,,,,,,,,,,,,,,,,,,,,,,,,,,,,,,,,,,,,,,,,,,,,,,,,,,,,,,,,,,,,,,,,,,,,,,,,,,,,,,,,,,,,,,,,,,,,,,,,,,,,,,,,,,,,,,,,,,,,
,,,0.12963387846721175,,"Crompton Hill Briz Deco 1200 mm 3 Blade Ceiling Fan??????????(Smoked Brown, Pack of 1)",,,,,,0.25947002280873255,,,0.3403703703703704,,,,,,,,,,,,,,,,,,,,,,,,,,,,,,,,,,,,,,,,,,,,,,,,,,,,,,,,,,,,,,,,,,,,,,,,,,,,,,,,,,,,,,,,,,,0.20639484126984126,0.16335714285714284,,,,,,,,,,,,,,,,,,,,,,,,,,,,,,,,,,,,,,,,,
,,,0.15967655477491546,,"BAJAJ Crest Neo 1200 mm 3 Blade Ceiling Fan??????????(White, Pack of 1)",,,,,,0.3700849261378922,0.36144005847953214,,,,1.0,1.0,,,,,,,,,,,,,,,,,,,,,,,,,,,,,,,,,,,,,,,,,,,,,,,,,,,,,,,,,,,,,,,,,,,,,,,,,,,,,,,,,,,,,,,,,,,,,,,,,,,,,,,,,,,,,,,,,,,,,,,,,,,,,,,,,,
,,,0.17478725323140204,,Inalsa fiesta 650 W Food Processor??????????(White),,,,,,0.21459271284271275,-0.08245163690476187,,0.32440759637188205,0.33311111111111114,,,,,,,,,,,,,,,,,,,,,,,,,,,,,,,,,,,,,,,,,,,,,,,,,,,,,,,,,,,,,,,,,,,,,,,,,,,,,,,,,,,,,,,,,,,,,,,,,,,,,,,,,,,,,,,,,,,,,,,,,,,,,,,,,,,,
,,,0.3928515957947776,,"USHA FP 3811_ 1000 W Food Processor??????????(Black, Silver)",,,,,,0.2016389759665622,,0.3648560205226871,0.36798950123950125,,,,,,,,,,,,,,,,,,,,,,,,,,,,,,,,0.10649801587301588,,,,,,,,,,,,,,,,,,,,,,,,,,,,,,,,,,,,,,,,,,,,,,,,,,,,,,,,,,,,,,,,,,,,,,,,,,,,,,,,,,,,,,,,,,,,,,,,,,,,,
,,,0.18250000000000002,,"PUHBRHY Steel Electric Meat Grinders for Kitchen Food Chopper, Meat, Vegetables, 700 W Food Processor??????????(Multicolor)",,,,,,,,,,,,,,,,,,,,,,,,,,,,,,,,,,,,,,,,,,,,,,,,,,,,,,,,,,,,,,,,,,,,,,,,,,,,,,,,,,,,,,,,,,,,,,,,,,,,,,0.5255555555555556,0.5255555555555556,0.5255555555555556,-0.775,,,,,,,,,,,,,,,,,,,,,,,,,,,,,,,,,,,,,
,,,0.23492894328704717,,Inalsa Inox 1000 1000 W Food Processor??????????(Silver:Black),,,,,,0.2712869947004562,,,0.1971845376845377,,,,,,,,,,,,,,,,,,,,,,,,,,,,,,0.1883538230106857,,,,,,0.3276818783068783,,,,,,,,,,,,,,,,,,,,,,,,,,,,,,,,,,,,,,,,,,,,,,,,,,,,,,,,,,,,,,,,,,,,,,,,,,,,,,,,,,,,,,,,,,,,,,,,,
,,,,,HAVELLS convenio 500 W Food Processor??????????(Black),,,,,,,,,,,,,,,,,,,,,,,,,,,,,,,,,,,,,,,,,0.8233333333333333,,,,,,,,,,,,,,,,,,,,,,,,,,,,,,,,,,,,,,,,,,,,,,,,,,,,,,,,,,,,,,,,,0.8233333333333333,0.8233333333333333,0.8233333333333333,0.8233333333333333,,,,,,,,,,,,,,,,,,,,,,,,,,,,,,,,,
,,,0.2639834648376315,,"USHA FP 3810_ 1000 W Food Processor??????????(Black, Silver)",,,,,,0.08873377856711188,0.1946666666666667,,,,,,,,,,,,,,,,,,,,,,,,,,,,,,,,-0.12438271604938267,,,,,,-0.030651234567901208,,,,,,,,,,,,,,,,,,,,,,,,,,,,,,,,,,,,,,,,,,,,,,,,,,,,,,,,,,,,,,,,,,,,,,,,,,,,,,,,,,,,,,,,,,,,,,,,,
,,,,,BAJAJ FX 11 Food Factory 600 W Food Processor??????????(White),,,,,,0.5,0.15833333333333333,,0.3064814814814815,,1.0,,,,,,,,,,,,,,,,,,,,,,,,,,,,,,,,,,,,,,,,,,,,,,,,,,,,,,,,,,,,,,,,,,,,,,,,,,,,,,,,,,,,,,,,,,,,,,,,,,,0.5,,,,,,,,,,,,,,,,,,,,,,,,,,,,,,,,
,,,0.1688095238095238,,Inalsa Verve 800W Food Processor with 100% Pure Copper Motor| 2 Multipurpose Jars & 11 Accessories 800 W Food Processor??????????(Black/Rose Gold),,,,,,0.5499999999999999,,,,,,,,,,,,,,,,,,,0.0776190476190476,,,,,,,,,,,,,,,,,,,,,,,,,,,,,,,,,,,,,,,,,,,,,,,,,,,,,,,,,,,,,,,,,,,,,,,,,,,,,,,,,,,,,,0.575,0.3388095238095238,,,,,,,,,,,,,,,,,,,,,,,,,,,,,,
,,,0.4020666666666667,,Inalsa Inox 1000 Plus 1000 W Food Processor??????????(Black/Silver),,,,,,0.49466666666666664,,,,,,,,,,,,,,,,,,,,,,,,,,,,,,,,,,,,,,,0.4585555555555555,,0.3173511904761905,,,,,,,,,,,,,,,,,,,,,,,,,,,,,,,,,,,,,,,,,,,,,,,,,,,,,,,,,,,,,,,,,,0.46527777777777773,,,,,,,,,,,,,,,,,,,,,,,,,,,,,
,,,,,Butterfly Cresta 4 Jars 750 W Food Processor??????????(Turquoise Green),,,,,,,0.05020833333333333,,,,,,,,,,,,,,,,,,,,,,,,,,,,,,,,,,,,,,,,,,,,,,,,,,,,,,,,,,,,,,,,,,,,,,,,,,,,,,,,,,,,,,,,,,,,,,,,,,,,,,,,,,,0.35041666666666665,0.35041666666666665,0.35041666666666665,0.35041666666666665,,,,,,,,,,,,,,,,,,,,,,,,,
,,,0.24350243506493507,,Inalsa Easy Prep_ 800 W Food Processor??????????(Black),,,,,,0.1490202713952714,0.23029329004329008,0.5066666666666667,,0.06617099567099569,,,,,,,,,,,,,,,,,,,,,,,,,,,,,,,,,,,,,,,,,,,,,,,,,,,,,,,,,,,,,,,,,,,,,,,,,,,,,,,,,,,,,,,,,,,,,,,,,,,,,,,,,,,,,,,,,,,,,,,,,,,,,,,,,,,,
,,,0.3573611111111111,,Inalsa Maxie Marvel 800 W Food Processor??????????(White),,,,,,0.4062962962962963,,,,,,,,,,,,,,,,,,,,,,,,,,,,,,,,,,,,,,,,,,,,0.2906666666666667,,,,,,,,,,,,,,,,,,,,,,,,,,,,,,,,,,,,,,,,,,,,,,,,,,,,,,,,,,,,,,,,,,,,0.054166666666666655,0.3461111111111111,,,,,,,,,,,,,,,,,,,,,,,
,,,0.6333333333333333,,BAJAJ Masterchef 3.0 food processor 600 W Food Processor??????????(White),,,,,,,,,,,,,,,,,,,,,,,,,,,,,,,,,,,,,,,,,,,,,,,,,,,,,,,,,,,,,,,,,,,,,,,,,,,,,,,,,,,,,,,,,,,,,,,,,,,,,,,,,,,,,,,,,,,,,,,,0.6333333333333333,0.3833333333333333,0.3833333333333333,0.3833333333333333,,,,,,,,,,,,,,,,,,,
,,,0.3038888888888888,,Inalsa Wonder Maxie Plus 700 W Food Processor??????????(White),,,,,,0.2033333333333333,,,,,,,,,,,,,,,,,,,,,,,,,,,,,,,,,,,,,,0.48416666666666663,,,,,,,,,,,,,,,,,,,,,,,,,,,,,,,,,,,,,,,,,,,,,,,,,,,,,,,,,,,,,,,,,,,,,,,,,,,,,,,,0.5033333333333333,0.0,,,,,,,,,,,,,,,,,
,,,0.40779473612806943,,BAJAJ FX7 600 W Food Processor,,,,,,0.13090754731379733,,,,,,,,,,,,,,,,,,,,,,,,,,,,,,,,,,,,,,,0.10888888888888891,,,,,,0.24277777777777776,,,,,,,0.3586900946275946,,,,,,,,,,,,,,,,,,,,,,,,,,,,,,,,,,,,,,,,,,,,,,,,,,,,,,,,,,,,,,,,,,,,,,,,,,,,,,,,,,,,
,,,-0.30383597883597885,,"KENT Vegetable Cleaner - Counter Top 250 W Food Processor??????????(Silver, Black)",,,,,,,,,,,,,,,,,,0.5884920634920635,,,,,,,,,,,,,,,,,,,,,,,,,,,,,,,,,,,,,,,,,,,,,,,,,,,,,,,,,,,,,,,,,,,,,,,,,,,,,,,,,,,,,,,,,,,,,,,,,,,,,,,,,,,,0.5884920634920635,0.5884920634920635,0.5884920634920635,,,,,,,,,,,,,,
,,,-0.4021367521367521,,PHILIPS hl 1660 700 W Food Processor??????????(White),,,,,,-0.23333333333333328,0.25833333333333325,0.5333333333333333,,,0.8183333333333334,,,,,,,,,,,,,,,,,,,,,,,,,,,,,,,,,,,,,,,,,,,,,,,,,,,,,,,,,,,,,,,,,,,,,,,,,,,,,,,,,,,,,,,,,,,,,,,,,,,,,,,,,,,,,,,,,,,,,,,,,,,,,,,,,,,
,,,0.3342010073260073,,Prestige CleanHome Fruit and Vegetable Cleaner (P0Z 1.0 ) 230 Volts Food Processor??????????(White and Blue),,,,,,0.4118159486016629,0.23482142857142854,,,,,,,,,,,,,,,,,,,,,,,,,,,,,,,,,,,,,,,,,,,,,,,,,,,,,,,,,,,,,,,,,,,,,,,,,,,,,,,,,,,,,,,,,,,,,,,,,,,,,,,,,,,,,,,,,,,,,,,,,,0.32412026862026866,0.3350152625152625,,,,,,,,,,,,
,,,-0.012499999999999992,,Butterfly Magic Fruit & Vegetable Cleaner 250 W Food Processor??????????(White),,,,,,,,,,,,1.0,,,,,,,,,,,,,,,,,,,,,,,,,,,,,,,,,,,,,,0.26666666666666666,,,,,,,,,,,,,,,,,,,,,,,,,,,,,,,,,,,,,0.26666666666666666,,,,,,,,,,,,,,,,,,,,,,,,,,,,,,,,,,,,,,,,,,,,0.26666666666666666,,,,,,,,,,,
,,,0.28944444444444445,,Inalsa Maxie Premia 800 W Food Processor??????????(Grey PU Spray Painted),,,,,,0.5308333333333333,,,,,,,,,,,,,,,,,,,,,,,,,,,,,,,,,,,,,,,,,,,,,,,,,,,,,,,,,,,,,,,,,,,,,,,,,,,,,,,,,,,,,,,,,,,,,,,,,,,,,,,,,,,,,,,,,,,,,,,,,,,,,,0.31166666666666665,0.31166666666666665,0.31166666666666665,,,,,,,,
,,,0.09179112554112555,,WONDERCHEF Nutri-blend FP-Compact 350 W Food Processor??????????(Black),,,,,,0.08098214285714288,,0.041030303030303,-0.16479797979797983,,,,,,,,,,,,,,,,,,,,,,,,,,,,,,,,0.11151154401154402,,,,,,,,,,,,,,,,,,,,,,,,,,,,,,,,,,,,,,,,,,,,,,,,,,,,,,,,,,,,,,,,,,,,,,,,,,,,,,,,,,,,,,,,,,,,,,,,,,,,,
,,,0.26034140800348415,,BAJAJ Fx11 Food Factory 600 W Food Processor??????????(White),,,,,,0.166403442044067,,0.24869909066029758,,,,,,,,,,,,,,,,,,,,,,,,,,,,,,,,,,,,,0.08935980101769574,,,,,,,,,,,,,0.1152060640971931,,,,,,,,,,,,,,,,,,,,,,,,,,,,,,,,,,,,,,,,,,,,,,,,,,,,,,,,,,,,,,,,,,,,,,,,,,,,,,,,,,,,
,,,0.066,,BAJAJ 410053 600 W Food Processor??????????(Multicolor),,,,,,0.0422666666666667,,,0.7666666666666667,,,,,,,,,,,,,,,,,,,,,,,,,,,,,,,,,,,,,,0.22166666666666668,,,,,,,,,,,,,,,,,,,,,,,,,,,,,,,,,,,,,,,,,,,,,,,,,,,,,,,,,,,,,,,,,,,,,,,,,,,,,,,,,,,,,,,,-0.586,,,,,,,
,,,0.023736124443189625,,Inalsa Fiesta Lx 650 W Food Processor??????????(White),,,,,,0.07082271711366538,0.17133214285714288,,,0.1480263888888889,,,,,,,,,,,,,,,,,,,,,,,,,,,,,,,,,,,0.003764573169335063,,,,,,,,,,,,,,,,,,,,,,,,,,,,,,,,,,,,,,,,,,,,,,,,,,,,,,,,,,,,,,,,,,,,,,,,,,,,,,,,,,,,,,,,,,,,,,,,,
,,,0.1808465608465608,,MAHARAJA WHITELINE Fortune FP - 102 600 W Food Processor??????????(White & Mystic Blue),,,,,,-0.22138888888888883,,,,,,,,,,,,,,,,,,,0.2939153439153439,,,,,,,,,,,,,,-0.1816666666666667,,,,,,,,,,,,,,,,,,,-0.008749999999999952,,,,,,,,,,,,,,,,,,,,,,,,,,,,,,,,,,,,,,,,,,,,,,,,,,,,,,,,,,,,,,,,,,,,,,,,,,,,,,,,,,,,
,,,0.21371886973180076,,PHILIPS HR7627/00 650 W Food Processor??????????(White),,,,,,0.2764305555555555,0.2583035714285714,0.23069444444444445,,,,,,,,,,,,,,,,,,,,,,,,,,,,,,,,,,,,,0.07263888888888892,,,,,,,,,,,,,,,,,,,,,,,,,,,,,,,,,,,,,,,,,,,,,,,,,,,,,,,,,,,,,,,,,,,,,,,,,,,,,,,,,,,,,,,,,,,,,,,,,
,,,-0.5201190476190476,,PHILIPS HL1661/00 700 W Food Processor??????????(White),,,,,,,,,,,,,,,,,,,,,,,,,,,,,,,,,,,,,,,,,,,,,,,,,,,,,,,,,,-0.11666666666666664,,,,,,,,,,,,,,,,,,,,,,,,,,,,,,,,,,,,,,,,,,,,,,,,,,,,,,,0.06666666666666667,,,,,,,,,,,,,,,,,,,,,,,-0.4666666666666667,-0.14714285714285713,,,,,
,,,0.40625,,"Choose The Correct ?? LED Music Bulb with Bluetooth Speaker Music Color changing led Bulb, DJ Lights with Remote Control Music Dimmable for Home, Bedroom, Living Room, Decoration smart bulb with Google, Alexa & Siri Assistant Smart Speaker??????(Multicolor)",,,,,,0.40625,,,,,,1.0,,,,,,,,,,,,,,,,,,,,,,,,,,,,,,,,,,,,,,,,,,,,,,,,,,,,,,,,,,,,,,,,,,,,,,,,,,,,,,,,,,,,,,,,,,,,,,,,,,,,,,,,,,,,,,,,,,,,,,,,,,,,,,-0.1375,0.7,,,
,,,0.2354597989007328,,Google Nest Mini (2nd Gen) with Google Assistant with Google Assistant Smart Speaker??????(Charcoal),,,,,,0.18196058007943974,,0.2523697149520195,0.22503546958092413,,,,,,,,,,,,,,,,,,,,,,,,,,,,,,,,,,,,,,,,,,,,,,,,,,,,,,,,,,,,,,,,,,,,,,,,,,,,,,,,,,,,,,,,,,,,,,,,,,,,,,,,,,,,,,,,,,,,,,,,,,,,,,,,,,,0.31064513769059227,,
,,,0.19842785533910537,,"Google Nest Hub (2nd gen), Display with Google Assistant Smart Speaker??????(Charcoal)",,,,,,0.27278342490842494,,0.19028192449819434,,,,,,,,,,,,,,,,,,,,,,,,,,,,,,,,,,,,,,,,,,,,,,,,,,,,,,,,,,,,,,,,,,,,,,,,,,,,,,,,,,,,,,,,,,,,,,,,,,,,,,,,,,,,,,,,,,,,,,,,,,,,,,,,,,,,,0.32088502506265665,0.18559750566893424
,,,0.21959131334512158,,Google Nest Mini (2nd Gen) with Google Assistant Smart Speaker??????(Chalk),,,,,,0.1974100408603742,-0.02587309912309912,0.2531017021952306,0.2381251918016624,,,,,,,,,,,,,,,,,,,,,,,,,,,,,,,,,,,,,,,,,,,,,,,,,,,,,,,,,,,,,,,,,,,,,,,,,,,,,,,,,,,,,,,,,,,,,,,,,,,,,,,,,,,,,,,,,,,,,,,,,,,,,,,,,,,,,
